keyword,text,author,date,sentiment,score,lang
transizione verde,"MIS ALLATRA a #Ecomondo2025 di Rimini: voci per un futuro sostenibile! Interviste a Paolo Gentiloni, Lucrezia Reichlin e altri leader della transizione verde. 
Scopri di piÃ¹ e lasciati ispirare! 
#ALLATRA #EconomiaCircolare #FuturoSostenibile ğŸš€ 

t.me/allatratvita...",ALLATRA ITALIA UFFICIALE,2025-11-06,neutro,0.075,it
transizione verde,"Nonostante miliardi investiti e campagne di sensibilizzazione, la Grecia continua a seppellire quasi lâ€™80 per cento dei rifiuti. Atene Ã¨ lâ€™epicentro di una crisi ambientale che mette in discussione la â€œtransizione verdeâ€",Euronews Italia,2025-10-31,negativo,-0.2,it
transizione verde,"Dal 2024 Fabio Fritelli Ã¨ managing director di #Nextchem, divisione del Gruppo Maire: guida la transizione verso la chimica verde. #engineering-district #fabio-fritelli #gruppo-maire #transizione-energetica",Forbes Italia,2025-10-24,negativo,-0.2,it
transizione verde,,Volt Italia,2025-10-09,neutro,0.0,it
transizione verde,"#Lagarde ha ragione: lâ€™ #euro puÃ² essere una vera forza globale solo se lâ€™ #Europa agisce come una sola. #Volt propone un bilancio comune e strumenti condivisi per investire in innovazione, lavoro e transizione verde.
Non basta una moneta unica: serve una politica economica europea.",Volt Italia,2025-10-07,neutro,0.026428571428571423,it
transizione verde,"Calore: lâ€™Europa sotto pressione tra blackout e transizione verde
â¡ï¸ https://l.euronews.com/0gSY",Euronews Italia,2025-08-17,negativo,-0.2,it
transizione verde,"Un controverso sito radiofonico a nord di Roma Ã¨ destinato a diventare una fattoria solare, mentre il Vaticano spinge la sua transizione verde
â¡ï¸ https://l.euronews.com/r5r",Euronews Italia,2025-08-01,positivo,0.17500000000000002,it
transizione verde,"Il tasso di disoccupazione dellâ€™Eurozona cala al 6,2 per cento ad aprile 2025, toccando il minimo storico. Inflazione stabile, energia meno costosa e transizione verde spingono il mercato del lavoro
â¡ï¸ https://l.euronews.com/mlg",Euronews Italia,2025-06-04,neutro,-0.1,it
transizione verde,"Lâ€™Europa deve guidare la transizione, non inseguirla: ora servono azioni concrete per far crescere le clean tech europee e creare nuovi posti di lavoro sostenibili. Il futuro Ã¨ verde, #Volt si batte per realizzarlo! ğŸ’œâ™»ï¸

Scegli #Volt ğŸ’œğŸ‘‰ğŸ» volt.team/join/it",Volt Italia,2025-03-03,neutro,0.06717171717171717,it
transizione verde,"Mare, ossigeno dalle rocce e metalli dalle alghe ma c'Ã¨ lâ€™incognita della transizione verde
Lâ€™estrazione mineraria dai fondali promette di essere piÃ¹ sostenibile di quella sulla ter...
https://www.wired.it/article/mare-ossigeno-rocce-alghe-terre-rare/",Wired Italia (archivio),2024-10-15,neutro,0.06666666666666665,it
transizione verde,Finanziamenti per la Transizione Verde e Digitale nel Settore Tessile e Moda: Scopri come il governo italiano supporta le aziende del settore tessile e moda nella trasformazione ecologica e digitale. Il settore tessile e moda in Italia si prepara a intraprendere un percorso di transizione verso unaâ€¦,REMOTE ITALIA,2024-09-12,neutro,0.04,it
transizione verde,"Clima, i paesi europei stanno gonfiando i loro investimenti
Secondo un'analisi della Corte dei conti europea, le spese per la transizione verde finanziate dal Recovery f...
https://www.wired.it/article/clima-europa-investimenti-gonfiati-recovery-fund/",Wired Italia (archivio),2024-09-12,neutro,-0.06666666666666667,it
eventi meteorologici estremi,"Verso un #autunno ğŸ‚ con tanti fenomeni meteorologici estremi. â›ˆï¸

L'Italia dovrÃ  prepararsi ad eventi alluvionali, Daniele Ingemi ğŸ‘‡.
",Meteored Italia,2025-09-04,positivo,0.1875,it
eventi meteorologici estremi,"#UltimaOra ğŸš¨ Il #Mediterraneo sta registrando le anomalie termiche piÃ¹ elevate al mondo.

5 Â°C ğŸŒ¡ï¸ sopra la media vicino alla #Corsica e alla #Sardegna.

Le conseguenze sono molteplici e una di queste Ã¨ l'aumento degli eventi meteorologici estremi in Europa. ğŸŒ§ï¸",Meteored Italia,2025-06-18,neutro,-0.034999999999999996,it
eventi meteorologici estremi,"Il porto del Pireo adotta misure di adattamento climatico: taglio delle emissioni, elettrificazione navale e fotovoltaico per garantire la continuitÃ  operativa nonostante eventi meteorologici estremi",Euronews Italia,2025-05-22,negativo,-0.3625,it
eventi meteorologici estremi,"#MeteoItalia | #Maggio ğŸŒ in arrivo con caldo anticipato ed eventi meteorologici estremi! ğŸŒ¡ï¸

Scopri cosa ci riserva questo mese con Daniele Ingemi ğŸ‘‡.
",Meteored Italia,2025-04-30,neutro,-0.028124999999999997,it
eventi meteorologici estremi,"Rischio idrogeologico: le proposte di Anci Toscana per una strategia integrata di prevenzione eÂ gestione

Gli eventi meteorologici estremi che hanno recentemente interessato diversi Comuni toscani rappresentano un chiaro segnale del cambiamento climatico in atto. La presidente di Anci Toscana eâ€¦",OKNews24.it - la rete delle notizie in diretta in Toscana,2025-03-28,neutro,-0.006250000000000002,it
eventi meteorologici estremi,"#Meteo ğŸŒğŸŒ¡ï¸ Eventi meteorologici sempre piÃ¹ estremi: i #climatologi avvertono, non sorprendiamoci dell'inaspettato! ğŸŒªï¸â„ï¸

L'articolo, di Silvia Ferrer ğŸ‘‡.
",Meteored Italia,2025-03-24,neutro,0.03333333333333333,it
eventi meteorologici estremi,"Nel 2024, il cambiamento climatico ha raggiunto livelli critici, con eventi meteorologici estremi che hanno battuto centinaia di record. Questo video analizza le manifestazioni catastrofiche e offre spunti su come affrontare la crisi. 
Iscriviti: t.me/allatratvita...",ALLATRA ITALIA UFFICIALE,2025-02-04,neutro,-0.008333333333333331,it
eventi meteorologici estremi,"ğŸŒ¨ï¸ Le maggiori #grandinate del 2024 in #Europa: câ€™Ã¨ anche #Torino!

Un viaggio tra gli eventi meteorologici piÃ¹ estremi dello scorso anno. ğŸ˜°

L'articolo, di Lorenzo Pasqualini ğŸ‘‡.
",Meteored Italia,2025-01-21,positivo,0.125,it
eventi meteorologici estremi,"Eventi meteorologici sempre piÃ¹ estremi, sempre piÃ¹ frequenti. 

Ieri, diverse zone della Sicilia sono state colpite da mareggiate, violente piogge e forti raffiche di vento.",Firenze POSSIBILE,2025-01-18,positivo,0.1787037037037037,it
